ProductKey,ProductSubcategoryKey,EnglishProductName,Color
293,12,"HL Mountain Frame - Silver, 46",Silver
294,12,"HL Mountain Frame - Silver, 46",Silver
295,12,"HL Mountain Frame - Silver, 46",Silver
296,12,"HL Mountain Frame - Black, 42",Black
297,12,"HL Mountain Frame - Black, 42",Black
298,12,"HL Mountain Frame - Black, 42",Black
299,12,"HL Mountain Frame - Black, 44",Black
300,12,"HL Mountain Frame - Black, 48",Black
301,12,"HL Mountain Frame - Black, 46",Black
302,12,"HL Mountain Frame - Black, 46",Black
303,12,"HL Mountain Frame - Black, 46",Black
304,12,"HL Mountain Frame - Black, 38",Black
305,12,"HL Mountain Frame - Black, 38",Black
306,12,"HL Mountain Frame - Black, 38",Black
307,12,"HL Mountain Frame - Silver, 38",Silver
308,12,"HL Mountain Frame - Silver, 38",Silver
1,NULL,Adjustable Race,NA
2,NULL,Bearing Ball,NA
3,NULL,BB Ball Bearing,NA
4,NULL,Headset Ball Bearings,NA
5,NULL,Blade,NA
6,NULL,LL Crankarm,Black
7,NULL,ML Crankarm,Black
8,NULL,HL Crankarm,Black
9,NULL,Chainring Bolts,Silver
10,NULL,Chainring Nut,Silver
11,NULL,Chainring,Black
12,NULL,Crown Race,NA
13,NULL,Chain Stays,NA
14,NULL,Decal 1,NA
15,NULL,Decal 2,NA
16,NULL,Down Tube,NA
17,NULL,Mountain End Caps,NA
18,NULL,Road End Caps,NA
19,NULL,Touring End Caps,NA
20,NULL,Fork End,NA
21,NULL,Freewheel,Silver
22,NULL,Flat Washer 1,NA
23,NULL,Flat Washer 6,NA
24,NULL,Flat Washer 2,NA
25,NULL,Flat Washer 9,NA
26,NULL,Flat Washer 4,NA
27,NULL,Flat Washer 3,NA
28,NULL,Flat Washer 8,NA
29,NULL,Flat Washer 5,NA
30,NULL,Flat Washer 7,NA
31,NULL,Fork Crown,NA
32,NULL,Front Derailleur Cage,Silver
33,NULL,Front Derailleur Linkage,Silver
34,NULL,Guide Pulley,NA
35,NULL,LL Grip Tape,NA
36,NULL,ML Grip Tape,NA
37,NULL,HL Grip Tape,NA
38,NULL,Thin-Jam Hex Nut 9,NA
39,NULL,Thin-Jam Hex Nut 10,NA
40,NULL,Thin-Jam Hex Nut 1,NA
41,NULL,Thin-Jam Hex Nut 2,NA
42,NULL,Thin-Jam Hex Nut 15,NA
43,NULL,Thin-Jam Hex Nut 16,NA
44,NULL,Thin-Jam Hex Nut 5,NA
45,NULL,Thin-Jam Hex Nut 6,NA
46,NULL,Thin-Jam Hex Nut 3,NA
47,NULL,Thin-Jam Hex Nut 4,NA
48,NULL,Thin-Jam Hex Nut 13,NA
49,NULL,Thin-Jam Hex Nut 14,NA
50,NULL,Thin-Jam Hex Nut 7,NA
51,NULL,Thin-Jam Hex Nut 8,NA
52,NULL,Thin-Jam Hex Nut 12,NA
53,NULL,Thin-Jam Hex Nut 11,NA
54,NULL,Hex Nut 5,NA
55,NULL,Hex Nut 6,NA
56,NULL,Hex Nut 16,NA
57,NULL,Hex Nut 17,NA
58,NULL,Hex Nut 7,NA
59,NULL,Hex Nut 8,NA
60,NULL,Hex Nut 9,NA
61,NULL,Hex Nut 22,NA
62,NULL,Hex Nut 23,NA
63,NULL,Hex Nut 12,NA
64,NULL,Hex Nut 13,NA
65,NULL,Hex Nut 1,NA
66,NULL,Hex Nut 10,NA
67,NULL,Hex Nut 11,NA
68,NULL,Hex Nut 2,NA
69,NULL,Hex Nut 20,NA
70,NULL,Hex Nut 21,NA
71,NULL,Hex Nut 3,NA
72,NULL,Hex Nut 14,NA
73,NULL,Hex Nut 15,NA
74,NULL,Hex Nut 4,NA
75,NULL,Hex Nut 18,NA
76,NULL,Hex Nut 19,NA
77,NULL,Handlebar Tube,NA
78,NULL,Head Tube,NA
79,NULL,LL Hub,NA
80,NULL,HL Hub,NA
81,NULL,Keyed Washer,NA
82,NULL,External Lock Washer 3,NA
83,NULL,External Lock Washer 4,NA
84,NULL,External Lock Washer 9,NA
85,NULL,External Lock Washer 5,NA
86,NULL,External Lock Washer 7,NA
87,NULL,External Lock Washer 6,NA
88,NULL,External Lock Washer 1,NA
89,NULL,External Lock Washer 8,NA
90,NULL,External Lock Washer 2,NA
91,NULL,Internal Lock Washer 3,NA
92,NULL,Internal Lock Washer 4,NA
93,NULL,Internal Lock Washer 9,NA
94,NULL,Internal Lock Washer 5,NA
95,NULL,Internal Lock Washer 7,NA
96,NULL,Internal Lock Washer 6,NA
97,NULL,Internal Lock Washer 10,NA
98,NULL,Internal Lock Washer 1,NA
99,NULL,Internal Lock Washer 8,NA
100,NULL,Internal Lock Washer 2,NA
101,NULL,Thin-Jam Lock Nut 9,NA
102,NULL,Thin-Jam Lock Nut 10,NA
103,NULL,Thin-Jam Lock Nut 1,NA
104,NULL,Thin-Jam Lock Nut 2,NA
105,NULL,Thin-Jam Lock Nut 15,NA
106,NULL,Thin-Jam Lock Nut 16,NA
107,NULL,Thin-Jam Lock Nut 5,NA
108,NULL,Thin-Jam Lock Nut 6,NA
109,NULL,Thin-Jam Lock Nut 3,NA
110,NULL,Thin-Jam Lock Nut 4,NA
111,NULL,Thin-Jam Lock Nut 13,NA
112,NULL,Thin-Jam Lock Nut 14,NA
113,NULL,Thin-Jam Lock Nut 7,NA
114,NULL,Thin-Jam Lock Nut 8,NA
115,NULL,Thin-Jam Lock Nut 12,NA
116,NULL,Thin-Jam Lock Nut 11,NA
117,NULL,Lock Nut 5,NA
118,NULL,Lock Nut 6,NA
119,NULL,Lock Nut 16,NA
120,NULL,Lock Nut 17,NA
121,NULL,Lock Nut 7,NA
122,NULL,Lock Nut 8,NA
123,NULL,Lock Nut 9,NA
124,NULL,Lock Nut 22,NA
125,NULL,Lock Nut 23,NA
126,NULL,Lock Nut 12,NA
127,NULL,Lock Nut 13,NA
128,NULL,Lock Nut 1,NA
129,NULL,Lock Nut 10,NA
130,NULL,Lock Nut 11,NA
131,NULL,Lock Nut 2,NA
132,NULL,Lock Nut 20,NA
133,NULL,Lock Nut 21,NA
134,NULL,Lock Nut 3,NA
135,NULL,Lock Nut 14,NA
136,NULL,Lock Nut 15,NA
137,NULL,Lock Nut 4,NA
138,NULL,Lock Nut 19,NA
139,NULL,Lock Nut 18,NA
140,NULL,Lock Ring,Silver
141,NULL,Lower Head Race,NA
142,NULL,Lock Washer 4,NA
143,NULL,Lock Washer 5,NA
144,NULL,Lock Washer 10,NA
145,NULL,Lock Washer 6,NA
146,NULL,Lock Washer 13,NA
147,NULL,Lock Washer 8,NA
148,NULL,Lock Washer 1,NA
149,NULL,Lock Washer 7,NA
150,NULL,Lock Washer 12,NA
151,NULL,Lock Washer 2,NA
152,NULL,Lock Washer 9,NA
153,NULL,Lock Washer 3,NA
154,NULL,Lock Washer 11,NA
155,NULL,Metal Angle,NA
156,NULL,Metal Bar 1,NA
157,NULL,Metal Bar 2,NA
158,NULL,Metal Plate 2,NA
159,NULL,Metal Plate 1,NA
160,NULL,Metal Plate 3,NA
161,NULL,Metal Sheet 2,NA
162,NULL,Metal Sheet 3,NA
163,NULL,Metal Sheet 7,NA
164,NULL,Metal Sheet 4,NA
165,NULL,Metal Sheet 5,NA
166,NULL,Metal Sheet 6,NA
167,NULL,Metal Sheet 1,NA
168,NULL,Metal Tread Plate,NA
169,NULL,LL Nipple,NA
170,NULL,HL Nipple,NA
171,NULL,Paint - Black,NA
172,NULL,Paint - Red,NA
173,NULL,Paint - Silver,NA
174,NULL,Paint - Blue,NA
175,NULL,Paint - Yellow,NA
176,NULL,Pinch Bolt,NA
177,NULL,Cup-Shaped Race,NA
178,NULL,Cone-Shaped Race,NA
179,NULL,Reflector,NA
180,NULL,LL Mountain Rim,NA
181,NULL,ML Mountain Rim,NA
182,NULL,HL Mountain Rim,NA
183,NULL,LL Road Rim,NA
184,NULL,ML Road Rim,NA
185,NULL,HL Road Rim,NA
186,NULL,Touring Rim,NA
187,NULL,LL Mountain Seat Assembly,NA
188,NULL,ML Mountain Seat Assembly,NA
189,NULL,HL Mountain Seat Assembly,NA
190,NULL,LL Road Seat Assembly,NA
191,NULL,ML Road Seat Assembly,NA
192,NULL,HL Road Seat Assembly,NA
193,NULL,LL Touring Seat Assembly,NA
194,NULL,ML Touring Seat Assembly,NA
195,NULL,HL Touring Seat Assembly,NA
196,NULL,LL Spindle/Axle,NA
197,NULL,HL Spindle/Axle,NA
198,NULL,LL Shell,NA
199,NULL,HL Shell,NA
200,NULL,Spokes,NA
201,NULL,Seat Lug,NA
202,NULL,Stem,NA
203,NULL,Seat Post,NA
204,NULL,Steerer,NA
205,NULL,Seat Stays,NA
206,NULL,Seat Tube,NA
207,NULL,Top Tube,NA
208,NULL,Tension Pulley,NA
209,NULL,Rear Derailleur Cage,Silver
210,14,"HL Road Frame - Black, 58",Black
211,14,"HL Road Frame - Red, 58",Red
212,31,"Sport-100 Helmet, Red",Red
213,31,"Sport-100 Helmet, Red",Red
214,31,"Sport-100 Helmet, Red",Red
215,31,"Sport-100 Helmet, Black",Black
216,31,"Sport-100 Helmet, Black",Black
217,31,"Sport-100 Helmet, Black",Black
218,23,"Mountain Bike Socks, M",White
219,23,"Mountain Bike Socks, L",White
220,31,"Sport-100 Helmet, Blue",Blue
221,31,"Sport-100 Helmet, Blue",Blue
222,31,"Sport-100 Helmet, Blue",Blue
223,19,AWC Logo Cap,Multi
224,19,AWC Logo Cap,Multi
225,19,AWC Logo Cap,Multi
226,21,"Long-Sleeve Logo Jersey, S",Multi
227,21,"Long-Sleeve Logo Jersey, S",Multi
228,21,"Long-Sleeve Logo Jersey, S",Multi
229,21,"Long-Sleeve Logo Jersey, M",Multi
230,21,"Long-Sleeve Logo Jersey, M",Multi
231,21,"Long-Sleeve Logo Jersey, M",Multi
232,21,"Long-Sleeve Logo Jersey, L",Multi
233,21,"Long-Sleeve Logo Jersey, L",Multi
234,21,"Long-Sleeve Logo Jersey, L",Multi
235,21,"Long-Sleeve Logo Jersey, XL",Multi
236,21,"Long-Sleeve Logo Jersey, XL",Multi
237,21,"Long-Sleeve Logo Jersey, XL",Multi
238,14,"HL Road Frame - Red, 62",Red
239,14,"HL Road Frame - Red, 62",Red
240,14,"HL Road Frame - Red, 62",Red
241,14,"HL Road Frame - Red, 44",Red
242,14,"HL Road Frame - Red, 44",Red
243,14,"HL Road Frame - Red, 44",Red
244,14,"HL Road Frame - Red, 48",Red
245,14,"HL Road Frame - Red, 48",Red
246,14,"HL Road Frame - Red, 48",Red
247,14,"HL Road Frame - Red, 52",Red
248,14,"HL Road Frame - Red, 52",Red
249,14,"HL Road Frame - Red, 52",Red
250,14,"HL Road Frame - Red, 56",Red
251,14,"HL Road Frame - Red, 56",Red
252,14,"HL Road Frame - Red, 56",Red
253,14,"LL Road Frame - Black, 58",Black
254,14,"LL Road Frame - Black, 58",Black
255,14,"LL Road Frame - Black, 58",Black
256,14,"LL Road Frame - Black, 60",Black
257,14,"LL Road Frame - Black, 60",Black
258,14,"LL Road Frame - Black, 60",Black
259,14,"LL Road Frame - Black, 62",Black
260,14,"LL Road Frame - Black, 62",Black
261,14,"LL Road Frame - Black, 62",Black
262,14,"LL Road Frame - Red, 44",Red
263,14,"LL Road Frame - Red, 44",Red
264,14,"LL Road Frame - Red, 48",Red
265,14,"LL Road Frame - Red, 48",Red
266,14,"LL Road Frame - Red, 52",Red
267,14,"LL Road Frame - Red, 52",Red
268,14,"LL Road Frame - Red, 58",Red
269,14,"LL Road Frame - Red, 58",Red
270,14,"LL Road Frame - Red, 60",Red
271,14,"LL Road Frame - Red, 60",Red
272,14,"LL Road Frame - Red, 62",Red
273,14,"LL Road Frame - Red, 62",Red
274,14,"ML Road Frame - Red, 44",Red
275,14,"ML Road Frame - Red, 48",Red
276,14,"ML Road Frame - Red, 52",Red
277,14,"ML Road Frame - Red, 58",Red
278,14,"ML Road Frame - Red, 60",Red
279,14,"LL Road Frame - Black, 44",Black
280,14,"LL Road Frame - Black, 44",Black
281,14,"LL Road Frame - Black, 44",Black
282,14,"LL Road Frame - Black, 48",Black
283,14,"LL Road Frame - Black, 48",Black
284,14,"LL Road Frame - Black, 48",Black
285,14,"LL Road Frame - Black, 52",Black
286,14,"LL Road Frame - Black, 52",Black
287,14,"LL Road Frame - Black, 52",Black
288,12,"HL Mountain Frame - Silver, 42",Silver
289,12,"HL Mountain Frame - Silver, 42",Silver
290,12,"HL Mountain Frame - Silver, 42",Silver
291,12,"HL Mountain Frame - Silver, 44",Silver
292,12,"HL Mountain Frame - Silver, 48",Silver
309,12,"HL Mountain Frame - Silver, 38",Silver
310,2,"Road-150 Red, 62",Red
311,2,"Road-150 Red, 44",Red
312,2,"Road-150 Red, 48",Red
313,2,"Road-150 Red, 52",Red
314,2,"Road-150 Red, 56",Red
315,2,"Road-450 Red, 58",Red
316,2,"Road-450 Red, 60",Red
317,2,"Road-450 Red, 44",Red
318,2,"Road-450 Red, 48",Red
319,2,"Road-450 Red, 52",Red
320,2,"Road-650 Red, 58",Red
321,2,"Road-650 Red, 58",Red
322,2,"Road-650 Red, 60",Red
323,2,"Road-650 Red, 60",Red
324,2,"Road-650 Red, 62",Red
325,2,"Road-650 Red, 62",Red
326,2,"Road-650 Red, 44",Red
327,2,"Road-650 Red, 44",Red
328,2,"Road-650 Red, 48",Red
329,2,"Road-650 Red, 48",Red
330,2,"Road-650 Red, 52",Red
331,2,"Road-650 Red, 52",Red
332,2,"Road-650 Black, 58",Black
333,2,"Road-650 Black, 58",Black
334,2,"Road-650 Black, 60",Black
335,2,"Road-650 Black, 60",Black
336,2,"Road-650 Black, 62",Black
337,2,"Road-650 Black, 62",Black
338,2,"Road-650 Black, 44",Black
339,2,"Road-650 Black, 44",Black
340,2,"Road-650 Black, 48",Black
341,2,"Road-650 Black, 48",Black
342,2,"Road-650 Black, 52",Black
343,2,"Road-650 Black, 52",Black
344,1,"Mountain-100 Silver, 38",Silver
345,1,"Mountain-100 Silver, 42",Silver
346,1,"Mountain-100 Silver, 44",Silver
347,1,"Mountain-100 Silver, 48",Silver
348,1,"Mountain-100 Black, 38",Black
349,1,"Mountain-100 Black, 42",Black
350,1,"Mountain-100 Black, 44",Black
351,1,"Mountain-100 Black, 48",Black
352,1,"Mountain-200 Silver, 38",Silver
353,1,"Mountain-200 Silver, 38",Silver
354,1,"Mountain-200 Silver, 42",Silver
355,1,"Mountain-200 Silver, 42",Silver
356,1,"Mountain-200 Silver, 46",Silver
357,1,"Mountain-200 Silver, 46",Silver
358,1,"Mountain-200 Black, 38",Black
359,1,"Mountain-200 Black, 38",Black
360,1,"Mountain-200 Black, 42",Black
361,1,"Mountain-200 Black, 42",Black
362,1,"Mountain-200 Black, 46",Black
363,1,"Mountain-200 Black, 46",Black
364,1,"Mountain-300 Black, 38",Black
365,1,"Mountain-300 Black, 40",Black
366,1,"Mountain-300 Black, 44",Black
367,1,"Mountain-300 Black, 48",Black
368,2,"Road-250 Red, 44",Red
369,2,"Road-250 Red, 48",Red
370,2,"Road-250 Red, 52",Red
371,2,"Road-250 Red, 58",Red
372,2,"Road-250 Red, 58",Red
373,2,"Road-250 Black, 44",Black
374,2,"Road-250 Black, 44",Black
375,2,"Road-250 Black, 48",Black
376,2,"Road-250 Black, 48",Black
377,2,"Road-250 Black, 52",Black
378,2,"Road-250 Black, 52",Black
379,2,"Road-250 Black, 58",Black
380,2,"Road-250 Black, 58",Black
381,2,"Road-550-W Yellow, 38",Yellow
382,2,"Road-550-W Yellow, 38",Yellow
383,2,"Road-550-W Yellow, 40",Yellow
384,2,"Road-550-W Yellow, 40",Yellow
385,2,"Road-550-W Yellow, 42",Yellow
386,2,"Road-550-W Yellow, 42",Yellow
387,2,"Road-550-W Yellow, 44",Yellow
388,2,"Road-550-W Yellow, 44",Yellow
389,2,"Road-550-W Yellow, 48",Yellow
390,2,"Road-550-W Yellow, 48",Yellow
391,10,LL Fork,NA
392,10,ML Fork,NA
393,10,HL Fork,NA
394,11,LL Headset,NA
395,11,ML Headset,NA
396,11,HL Headset,NA
397,4,LL Mountain Handlebars,NA
398,4,LL Mountain Handlebars,NA
399,4,ML Mountain Handlebars,NA
400,4,ML Mountain Handlebars,NA
401,4,HL Mountain Handlebars,NA
402,4,HL Mountain Handlebars,NA
403,4,LL Road Handlebars,NA
404,4,LL Road Handlebars,NA
405,4,ML Road Handlebars,NA
406,4,ML Road Handlebars,NA
407,4,HL Road Handlebars,NA
408,4,HL Road Handlebars,NA
409,12,"ML Mountain Frame - Black, 38",Black
410,17,LL Mountain Front Wheel,Black
411,17,ML Mountain Front Wheel,Black
412,17,HL Mountain Front Wheel,Black
413,17,LL Road Front Wheel,Black
414,17,ML Road Front Wheel,Black
415,17,HL Road Front Wheel,Black
416,17,Touring Front Wheel,Black
417,14,"ML Road Frame-W - Yellow, 38",Yellow
418,14,"ML Road Frame-W - Yellow, 38",Yellow
419,17,LL Mountain Rear Wheel,Black
420,17,ML Mountain Rear Wheel,Black
421,17,HL Mountain Rear Wheel,Black
422,17,LL Road Rear Wheel,Black
423,17,ML Road Rear Wheel,Black
424,17,HL Road Rear Wheel,Black
425,17,Touring Rear Wheel,Black
426,12,"ML Mountain Frame - Black, 40",Black
427,12,"ML Mountain Frame - Black, 44",Black
428,12,"ML Mountain Frame - Black, 48",Black
429,14,"ML Road Frame-W - Yellow, 40",Yellow
430,14,"ML Road Frame-W - Yellow, 40",Yellow
431,14,"ML Road Frame-W - Yellow, 42",Yellow
432,14,"ML Road Frame-W - Yellow, 42",Yellow
433,14,"ML Road Frame-W - Yellow, 44",Yellow
434,14,"ML Road Frame-W - Yellow, 44",Yellow
435,14,"ML Road Frame-W - Yellow, 48",Yellow
436,14,"ML Road Frame-W - Yellow, 48",Yellow
437,14,"HL Road Frame - Black, 62",Black
438,14,"HL Road Frame - Black, 62",Black
439,14,"HL Road Frame - Black, 44",Black
440,14,"HL Road Frame - Black, 44",Black
441,14,"HL Road Frame - Black, 48",Black
442,14,"HL Road Frame - Black, 48",Black
443,14,"HL Road Frame - Black, 52",Black
444,14,"HL Road Frame - Black, 52",Black
445,22,"Men's Sports Shorts, S",Black
446,35,"Touring-Panniers, Large",Grey
447,34,Cable Lock,NA
448,36,Minipump,NA
449,36,Mountain Pump,NA
450,33,Taillights - Battery-Powered,NA
451,33,Headlights - Dual-Beam,NA
452,33,Headlights - Weatherproof,NA
453,22,"Men's Sports Shorts, M",Black
454,22,"Men's Sports Shorts, L",Black
455,22,"Men's Sports Shorts, XL",Black
456,24,"Women's Tights, S",Black
457,24,"Women's Tights, M",Black
458,24,"Women's Tights, L",Black
459,18,"Men's Bib-Shorts, S",Multi
460,18,"Men's Bib-Shorts, M",Multi
461,18,"Men's Bib-Shorts, L",Multi
462,20,"Half-Finger Gloves, S",Black
463,20,"Half-Finger Gloves, S",Black
464,20,"Half-Finger Gloves, M",Black
465,20,"Half-Finger Gloves, M",Black
466,20,"Half-Finger Gloves, L",Black
467,20,"Half-Finger Gloves, L",Black
468,20,"Full-Finger Gloves, S",Black
469,20,"Full-Finger Gloves, M",Black
470,20,"Full-Finger Gloves, L",Black
471,25,"Classic Vest, S",Blue
472,25,"Classic Vest, M",Blue
473,25,"Classic Vest, L",Blue
474,22,"Women's Mountain Shorts, S",Black
475,22,"Women's Mountain Shorts, M",Black
476,22,"Women's Mountain Shorts, L",Black
477,28,Water Bottle - 30 oz.,NA
478,28,Mountain Bottle Cage,NA
479,28,Road Bottle Cage,NA
480,37,Patch Kit/8 Patches,NA
481,23,"Racing Socks, M",White
482,23,"Racing Socks, L",White
483,26,Hitch Rack - 4-Bike,NA
484,29,Bike Wash - Dissolver,NA
485,30,Fender Set - Mountain,NA
486,27,All-Purpose Bike Stand,NA
487,32,Hydration Pack - 70 oz.,Silver
488,21,"Short-Sleeve Classic Jersey, S",Yellow
489,21,"Short-Sleeve Classic Jersey, M",Yellow
490,21,"Short-Sleeve Classic Jersey, L",Yellow
491,21,"Short-Sleeve Classic Jersey, XL",Yellow
492,16,"HL Touring Frame - Yellow, 60",Yellow
493,16,"LL Touring Frame - Yellow, 62",Yellow
494,16,"HL Touring Frame - Yellow, 46",Yellow
495,16,"HL Touring Frame - Yellow, 50",Yellow
496,16,"HL Touring Frame - Yellow, 54",Yellow
497,16,"HL Touring Frame - Blue, 46",Blue
498,16,"HL Touring Frame - Blue, 50",Blue
499,16,"HL Touring Frame - Blue, 54",Blue
500,16,"HL Touring Frame - Blue, 60",Blue
501,9,Rear Derailleur,Silver
502,16,"LL Touring Frame - Blue, 50",Blue
503,16,"LL Touring Frame - Blue, 54",Blue
504,16,"LL Touring Frame - Blue, 58",Blue
505,16,"LL Touring Frame - Blue, 62",Blue
506,16,"LL Touring Frame - Yellow, 44",Yellow
507,16,"LL Touring Frame - Yellow, 50",Yellow
508,16,"LL Touring Frame - Yellow, 54",Yellow
509,16,"LL Touring Frame - Yellow, 58",Yellow
510,16,"LL Touring Frame - Blue, 44",Blue
511,12,"ML Mountain Frame-W - Silver, 40",Silver
512,12,"ML Mountain Frame-W - Silver, 42",Silver
513,12,"ML Mountain Frame-W - Silver, 46",Silver
514,6,Rear Brakes,Silver
515,15,LL Mountain Seat/Saddle,NA
516,15,ML Mountain Seat/Saddle,NA
517,15,HL Mountain Seat/Saddle,NA
518,15,LL Road Seat/Saddle,NA
519,15,ML Road Seat/Saddle,NA
520,15,HL Road Seat/Saddle,NA
521,15,LL Touring Seat/Saddle,NA
522,15,ML Touring Seat/Saddle,NA
523,15,HL Touring Seat/Saddle,NA
524,12,"LL Mountain Frame - Silver, 42",Silver
525,12,"LL Mountain Frame - Silver, 44",Silver
526,12,"LL Mountain Frame - Silver, 48",Silver
527,12,"LL Mountain Frame - Silver, 52",Silver
528,37,Mountain Tire Tube,NA
529,37,Road Tire Tube,NA
530,37,Touring Tire Tube,NA
531,12,"LL Mountain Frame - Black, 42",Black
532,12,"LL Mountain Frame - Black, 44",Black
533,12,"LL Mountain Frame - Black, 48",Black
534,12,"LL Mountain Frame - Black, 52",Black
535,37,LL Mountain Tire,NA
536,37,ML Mountain Tire,NA
537,37,HL Mountain Tire,NA
538,37,LL Road Tire,NA
539,37,ML Road Tire,NA
540,37,HL Road Tire,NA
541,37,Touring Tire,NA
542,13,LL Mountain Pedal,Silver/Black
543,13,ML Mountain Pedal,Silver/Black
544,13,HL Mountain Pedal,Silver/Black
545,13,LL Road Pedal,Silver/Black
546,13,ML Road Pedal,Silver/Black
547,13,HL Road Pedal,Silver/Black
548,13,Touring Pedal,Silver/Black
549,12,"ML Mountain Frame-W - Silver, 38",Silver
550,12,"LL Mountain Frame - Black, 40",Black
551,12,"LL Mountain Frame - Silver, 40",Silver
552,9,Front Derailleur,Silver
553,4,LL Touring Handlebars,NA
554,4,HL Touring Handlebars,NA
555,6,Front Brakes,Silver
556,8,LL Crankset,Black
557,8,ML Crankset,Black
558,8,HL Crankset,Black
559,7,Chain,Silver
560,3,"Touring-2000 Blue, 60",Blue
561,3,"Touring-1000 Yellow, 46",Yellow
562,3,"Touring-1000 Yellow, 50",Yellow
563,3,"Touring-1000 Yellow, 54",Yellow
564,3,"Touring-1000 Yellow, 60",Yellow
565,3,"Touring-3000 Blue, 54",Blue
566,3,"Touring-3000 Blue, 58",Blue
567,3,"Touring-3000 Blue, 62",Blue
568,3,"Touring-3000 Yellow, 44",Yellow
569,3,"Touring-3000 Yellow, 50",Yellow
570,3,"Touring-3000 Yellow, 54",Yellow
571,3,"Touring-3000 Yellow, 58",Yellow
572,3,"Touring-3000 Yellow, 62",Yellow
573,3,"Touring-1000 Blue, 46",Blue
574,3,"Touring-1000 Blue, 50",Blue
575,3,"Touring-1000 Blue, 54",Blue
576,3,"Touring-1000 Blue, 60",Blue
577,3,"Touring-2000 Blue, 46",Blue
578,3,"Touring-2000 Blue, 50",Blue
579,3,"Touring-2000 Blue, 54",Blue
580,2,"Road-350-W Yellow, 40",Yellow
581,2,"Road-350-W Yellow, 42",Yellow
582,2,"Road-350-W Yellow, 44",Yellow
583,2,"Road-350-W Yellow, 48",Yellow
584,2,"Road-750 Black, 58",Black
585,3,"Touring-3000 Blue, 44",Blue
586,3,"Touring-3000 Blue, 50",Blue
587,1,"Mountain-400-W Silver, 38",Silver
588,1,"Mountain-400-W Silver, 40",Silver
589,1,"Mountain-400-W Silver, 42",Silver
590,1,"Mountain-400-W Silver, 46",Silver
591,1,"Mountain-500 Silver, 40",Silver
592,1,"Mountain-500 Silver, 42",Silver
593,1,"Mountain-500 Silver, 44",Silver
594,1,"Mountain-500 Silver, 48",Silver
595,1,"Mountain-500 Silver, 52",Silver
596,1,"Mountain-500 Black, 40",Black
597,1,"Mountain-500 Black, 42",Black
598,1,"Mountain-500 Black, 44",Black
599,1,"Mountain-500 Black, 48",Black
600,1,"Mountain-500 Black, 52",Black
601,5,LL Bottom Bracket,NA
602,5,ML Bottom Bracket,NA
603,5,HL Bottom Bracket,NA
604,2,"Road-750 Black, 44",Black
605,2,"Road-750 Black, 48",Black
606,2,"Road-750 Black, 52",Black
